DAY_NUMBER,MONTH,MONTH_NUM,DATE1,CO,OZONE,NO2,SO2,PM2.5,Temp
1,JAN,1,2015-01-01 00:00,30.19,18.88,25.89,12.38,102.95,26.61
2,JAN,1,2015-01-02 00:00,38.1,15.08,15.63,9.89,102.95,49.85
3,JAN,1,2015-01-03 00:00,0.01,21.66,29.23,217.2,102.95,84.76
4,JAN,1,2015-01-04 00:00,0.06,15.3,28.98,341.69,102.95,82.17
5,JAN,1,2015-01-05 00:00,0.02,15.55,28.51,333.36,102.95,82.09
6,JAN,1,2015-01-06 00:00,0.02,21.03,169.63,265.09,102.95,80.83
7,JAN,1,2015-01-07 00:00,0.02,24.11,114.65,267.92,102.95,82.41
8,JAN,1,2015-01-08 00:00,0.02,35.74,105.13,519.1,102.95,79.92
9,JAN,1,2015-01-09 00:00,0.22,61,98.65,285.59,102.95,77.35
10,JAN,1,2015-01-10 00:00,0.01,36.44,31.49,339.24,102.95,61.68
11,JAN,1,2015-01-11 00:00,0.03,34.07,157.23,315.86,102.95,61.27
12,JAN,1,2015-01-12 00:00,0.03,33.22,66.36,325.95,102.95,60.02
13,JAN,1,2015-01-13 00:00,0.02,30.65,463.02,443.17,102.95,64.42
14,JAN,1,2015-01-14 00:00,0.23,51.52,1602.04,411.75,102.95,65.97
15,JAN,1,2015-01-15 00:00,0.02,24.29,124.8,230.99,102.95,72.28
16,JAN,1,2015-01-16 00:00,0.09,22.9,86.46,786.36,102.95,75.21
17,JAN,1,2015-01-17 00:00,0.59,27.42,26.26,1298.77,102.95,68.55
18,JAN,1,2015-01-18 00:00,0.02,24.3,79.67,1191.15,102.95,67.01
19,JAN,1,2015-01-19 00:00,1.72,28.37,131.93,1244.18,102.95,66.55
20,JAN,1,2015-01-20 00:00,0.57,25.97,60.36,1144.6,102.95,66.94
21,JAN,1,2015-01-21 00:00,0.02,10.79,526.77,1421.52,102.95,59.82
22,JAN,1,2015-01-22 00:00,0.02,23.75,132.57,1715.87,102.95,75.85
23,JAN,1,2015-01-23 00:00,9.31,33.82,124.24,1925.79,102.95,86.25
24,JAN,1,2015-01-24 00:00,0.02,35.31,123.09,1790.06,102.95,80.29
25,JAN,1,2015-01-25 00:00,0.02,14.55,123.09,1815.36,102.95,71.49
26,JAN,1,2015-01-26 00:00,2.57,51.96,123.09,1840.78,102.95,68.86
27,JAN,1,2015-01-27 00:00,0.6,36.78,23.39,1869.26,102.95,72.56
28,JAN,1,2015-01-28 00:00,5.09,68.24,37.33,2027.52,102.95,76.52
29,JAN,1,2015-01-29 00:00,0.02,32.52,309.32,1783.96,102.95,73
30,JAN,1,2015-01-30 00:00,0.03,53.61,43.33,1778.66,102.95,70.11
31,JAN,1,2015-01-31 00:00,0.02,62.65,118.77,1803.21,102.95,73.76
32,FEB,2,2015-02-01 00:00,0.02,58.21,56.26,1820.96,102.95,74.52
33,FEB,2,2015-02-02 00:00,0.04,81.2,21.57,1817.1,102.95,65.55
34,FEB,2,2015-02-03 00:00,0.03,31.05,22.13,1715.22,102.95,62.92
35,FEB,2,2015-02-04 00:00,0.03,62.52,21.54,1801.25,102.95,71.63
36,FEB,2,2015-02-05 00:00,0.03,94.85,70.32,1769.15,102.95,70.93
37,FEB,2,2015-02-06 00:00,0.03,73.3,25.1,1714.28,102.95,70.89
38,FEB,2,2015-02-07 00:00,0.04,37.75,21.43,1855.72,102.95,68.74
39,FEB,2,2015-02-08 00:00,0.04,74.97,20.78,1759.41,102.95,67.78
40,FEB,2,2015-02-09 00:00,0.05,34.07,20.92,1760.17,102.95,62.16
41,FEB,2,2015-02-10 00:00,0.03,48.22,21.03,1804.41,102.95,66.77
42,FEB,2,2015-02-11 00:00,0.03,52.7,26.69,1845.51,102.95,74.59
43,FEB,2,2015-02-12 00:00,0.03,86.87,25.03,1775.53,102.95,72.62
44,FEB,2,2015-02-13 00:00,0.25,44,24.36,1732.03,102.95,75.76
45,FEB,2,2015-02-14 00:00,0.29,34.6,20.82,1733.38,102.95,72.44
46,FEB,2,2015-02-15 00:00,0.03,25.45,21.37,1833.35,102.95,68.27
47,FEB,2,2015-02-16 00:00,0.02,34.23,21.02,1812.72,102.95,70.27
48,FEB,2,2015-02-17 00:00,0.02,31.02,21.19,1784.57,102.95,70.33
49,FEB,2,2015-02-18 00:00,0.02,47.87,20.87,1810.55,102.95,68.99
50,FEB,2,2015-02-19 00:00,0.17,24.68,21.47,1809.56,102.95,68.87
51,FEB,2,2015-02-20 00:00,0.02,25.12,21.02,1841.74,102.95,70.36
52,FEB,2,2015-02-21 00:00,0.03,22.42,21.01,1857.02,102.95,72.35
53,FEB,2,2015-02-22 00:00,0.02,33.73,21.11,1840.37,102.95,72.89
54,FEB,2,2015-02-23 00:00,0.02,22.44,32.09,1675.31,102.95,71.76
55,FEB,2,2015-02-24 00:00,0.03,31.01,30.65,1808.9,102.95,72.24
56,FEB,2,2015-02-25 00:00,0.03,31.94,21.1,1732.55,102.95,67.13
57,FEB,2,2015-02-26 00:00,7.14,33.58,20.97,2120.16,102.95,81.37
58,FEB,2,2015-02-27 00:00,0.03,47.4,21.16,1809.86,102.95,76.67
59,FEB,2,2015-02-28 00:00,0.02,179.34,21.49,1809.26,102.95,75.97
60,MAR,3,2015-03-01 00:00,0.02,185.73,20.93,1816.16,102.95,70.15
61,MAR,3,2015-03-02 00:00,15.46,188,20.92,1723.32,102.95,75.72
62,MAR,3,2015-03-03 00:00,0.02,303.27,20.85,1728.83,102.95,73.87
63,MAR,3,2015-03-04 00:00,0.02,316.24,21.1,1687.24,102.95,70.76
64,MAR,3,2015-03-05 00:00,0.02,261.14,20.96,1802.82,102.95,78.48
65,MAR,3,2015-03-06 00:00,0.02,155.04,21.1,1826.2,102.95,74.84
66,MAR,3,2015-03-07 00:00,0.02,146.1,21.73,1726.37,102.95,72.23
67,MAR,3,2015-03-08 00:00,0.02,402.01,24.26,1821.74,102.95,70.56
68,MAR,3,2015-03-09 00:00,0.5,426.13,22.58,1740.83,102.95,70.96
69,MAR,3,2015-03-10 00:00,0.33,161.06,38.62,705.6,102.95,41.06
70,MAR,3,2015-03-11 00:00,0.26,117.44,310.02,1102.18,102.95,38.33
71,MAR,3,2015-03-12 00:00,0.02,207,24.98,1767.32,102.95,70.95
72,MAR,3,2015-03-13 00:00,7.56,255.23,21.34,2013.3,102.95,83.17
73,MAR,3,2015-03-14 00:00,0.02,303.7,22.02,1860.97,102.95,68.46
74,MAR,3,2015-03-15 00:00,0.02,333.88,69.11,1839.16,102.95,72.28
75,MAR,3,2015-03-16 00:00,0.02,201.93,5786.46,1782.99,102.95,70.56
76,MAR,3,2015-03-17 00:00,0.03,374.93,80.1,1787.77,102.95,72.82
77,MAR,3,2015-03-18 00:00,0.02,396.14,151.66,1859.72,102.95,68.69
78,MAR,3,2015-03-19 00:00,0.02,422.09,23.68,2057.44,102.95,72.07
79,MAR,3,2015-03-20 00:00,0.02,325.74,28.83,1801.92,102.95,73.69
80,MAR,3,2015-03-21 00:00,0.03,249.75,88.01,1764.34,102.95,66.87
81,MAR,3,2015-03-22 00:00,3.91,351.74,5285.72,1729.72,102.95,61.86
82,MAR,3,2015-03-23 00:00,0.03,521.89,116.73,1782.89,102.95,71.18
83,MAR,3,2015-03-24 00:00,0.02,336.56,5047.75,1809.33,102.95,76.18
84,MAR,3,2015-03-25 00:00,0.02,400.62,1798.04,1948.82,102.95,73.95
85,MAR,3,2015-03-26 00:00,0.02,381.68,49,1735.04,102.95,69.45
86,MAR,3,2015-03-27 00:00,0.02,55.224,167.38,1781.62,102.95,70.6
87,MAR,3,2015-03-28 00:00,2.65,55.224,69.13,1974.48,102.95,72.23
88,MAR,3,2015-03-29 00:00,0.36,55.224,115.78,1818.97,102.95,69.8
89,MAR,3,2015-03-30 00:00,0.03,55.224,38.29,1808.09,102.95,69.64
90,APR,4,2015-03-31 00:00,0.02,55.224,141.08,1657.42,102.95,71.52
91,APR,4,2015-04-01 00:00,0.02,55.224,862.79,1975.2,102.95,74.39
92,APR,4,2015-04-02 00:00,0.02,55.224,152.54,1879.27,102.95,73.04
93,APR,4,2015-04-03 00:00,0.02,55.224,72.25,1933.22,102.95,75.01
94,APR,4,2015-04-04 00:00,0.02,55.224,95.08,1867.16,102.95,73.2
95,APR,4,2015-04-05 00:00,0.02,55.224,46.36,1809.08,102.95,76.83
96,APR,4,2015-04-06 00:00,1.08,10.67,17.27,760.02,19.19,51.61
97,APR,4,2015-04-07 00:00,1.19,11.29,18.53,588.4,21.54,46.39
98,APR,4,2015-04-08 00:00,0.46,15.76,20.2,1371.92,58.73,66.62
99,APR,4,2015-04-09 00:00,1.07,13.95,13.64,736.45,16.24,50.39
100,APR,4,2015-04-10 00:00,1.83,17.02,11.14,11.16,61.62,30.42
101,APR,4,2015-04-11 00:00,585.58,21.31,19.23,1143.29,49.85,52.91
102,APR,4,2015-04-12 00:00,0.29,55.224,22.01,1938.7,102.95,69.01
103,APR,4,2015-04-13 00:00,0.45,16.7,25.34,1741.39,30.21,64.78
104,APR,4,2015-04-14 00:00,0.02,55.224,21.57,1653.88,102.95,63.78
105,APR,4,2015-04-15 00:00,0.02,55.224,21.47,1748.72,102.95,79.79
106,APR,4,2015-04-16 00:00,0.07,11.84,26.61,1905.1,9.47,76.36
107,APR,4,2015-04-17 00:00,0.07,55.224,27.11,1867.61,102.95,74.8
108,APR,4,2015-04-18 00:00,0.02,55.224,26.87,1908.05,102.95,66.28
109,APR,4,2015-04-19 00:00,0.01,55.224,46.9,1849.11,102.95,73.33
110,APR,4,2015-04-20 00:00,0.01,55.224,222.48,1746.83,102.95,71.19
111,APR,4,2015-04-21 00:00,0.01,55.224,91.75,1727.01,102.95,72.28
112,APR,4,2015-04-22 00:00,0.14,55.224,962.26,1740.66,102.95,69.72
113,APR,4,2015-04-23 00:00,3.49,55.224,2259.25,1809.58,102.95,72.67
114,APR,4,2015-04-24 00:00,2.79,55.224,3475.47,1878.8,102.95,71.79
115,APR,4,2015-04-25 00:00,3.19,55.224,2049.76,1925.02,102.95,68.18
116,APR,4,2015-04-26 00:00,2.03,55.224,1380.35,1531.24,102.95,71.28
117,APR,4,2015-04-27 00:00,2.07,55.224,165.2,1585.72,102.95,71.12
118,APR,4,2015-04-28 00:00,0.02,55.224,190.89,1823.86,102.95,69.55
119,APR,4,2015-04-29 00:00,0.02,55.224,86.28,1863.41,102.95,73.19
120,APR,4,2015-04-30 00:00,0.02,55.224,149.71,2037.9,102.95,74.16
121,MAY,5,2015-05-01 00:00,0.02,55.224,12.9,1804.97,102.95,73.84
122,MAY,5,2015-05-02 00:00,0.02,55.224,128.36,1821.27,102.95,71.03
123,MAY,5,2015-05-03 00:00,0.77,11.75,160.62,1067.8,4.31,55.41
124,MAY,5,2015-05-04 00:00,1.86,13.7,2.85,8.07,2.69,31.15
125,MAY,5,2015-05-05 00:00,1.69,16.53,19.43,10.84,2.95,30.96
126,MAY,5,2015-05-06 00:00,1.83,21.26,5.15,92.01,2.6,32.51
127,MAY,5,2015-05-07 00:00,311.84,15.49,13.38,729.37,2.31,45.89
128,MAY,5,2015-05-08 00:00,1.81,34.19,17.16,1506.94,5.83,66.38
129,MAY,5,2015-05-09 00:00,1.67,26.05,16.09,959.18,4.28,55.05
130,MAY,5,2015-05-10 00:00,23.13,12.71,33.13,8.33,2.74,31.97
131,MAY,5,2015-05-11 00:00,891.1,15.04,40.86,45.8,10.59,31.56
132,MAY,5,2015-05-12 00:00,667.48,12.26,128.09,260.36,4892.26,31.65
133,MAY,5,2015-05-13 00:00,29.37,12.44,26.72,10.46,2092.67,29.61
134,MAY,5,2015-05-14 00:00,248.34,13.45,26.77,10.39,313.96,29.78
135,MAY,5,2015-05-15 00:00,589.27,14.45,26.7,10.18,59.4,30.32
136,MAY,5,2015-05-16 00:00,1.92,14.36,26.58,10.11,54.24,29.9
137,MAY,5,2015-05-17 00:00,1.84,15.99,26.72,10.28,55.14,30.52
138,MAY,5,2015-05-18 00:00,2.15,16.94,26.67,10.28,55.18,30.88
139,MAY,5,2015-05-19 00:00,1.66,15.26,26.53,10.27,55.1,32.39
140,MAY,5,2015-05-20 00:00,1.95,13.42,26.44,10.3,55.27,32.94
141,MAY,5,2015-05-21 00:00,1.87,15.1,26.38,10.49,56.29,33.27
142,MAY,5,2015-05-22 00:00,1.81,17.09,26.26,10.65,57.15,33.3
143,MAY,5,2015-05-23 00:00,1.82,17.58,25.89,10.53,56.48,33.43
144,MAY,5,2015-05-24 00:00,19.44,21.63,26.11,10.97,58.85,34.04
145,MAY,5,2015-05-25 00:00,1.72,18.01,25.42,10.95,58.75,34.21
146,MAY,5,2015-05-26 00:00,1.98,19.55,24.83,10.78,57.83,33.24
147,MAY,5,2015-05-27 00:00,1.91,27.12,25.22,10.89,58.43,31.38
148,MAY,5,2015-05-28 00:00,1.77,42.66,25.09,10.58,56.77,31.59
149,MAY,5,2015-05-29 00:00,21.61,24.36,22.56,11.48,61.59,32.02
150,MAY,5,2015-05-30 00:00,1.95,43.04,23.96,11.07,59.39,31.48
151,MAY,5,2015-05-31 00:00,1.7,29.63,25.01,11.04,59.23,31.69
152,JUN,6,2015-06-01 00:00,2.09,32.54,23.82,10.25,54.99,29.93
153,JUN,6,2015-06-02 00:00,1.94,31.48,22.04,9.97,53.49,30.96
154,JUN,6,2015-06-03 00:00,37.22,38.62,23.72,9.6,51.5,30.55
155,JUN,6,2015-06-04 00:00,1.91,19.96,23.74,10.22,54.84,31.23
156,JUN,6,2015-06-05 00:00,1.8,18.54,22.5,10.75,57.69,31.17
157,JUN,6,2015-06-06 00:00,1.87,30.59,23.56,9.72,52.17,30.97
158,JUN,6,2015-06-07 00:00,1.81,28.28,23.66,10.14,54.42,31.6
159,JUN,6,2015-06-08 00:00,1.72,22.55,24.15,11.84,63.52,31.57
160,JUN,6,2015-06-09 00:00,398.04,28.94,23.09,95.53,51.15,32.01
161,JUN,6,2015-06-10 00:00,1.87,33.77,22.77,8.57,45.99,31.2
162,JUN,6,2015-06-11 00:00,58.06,40.2,22.12,8.16,43.79,32.15
163,JUN,6,2015-06-12 00:00,1.77,22.65,21.49,7.89,42.35,30.88
164,JUN,6,2015-06-13 00:00,1.88,27.53,22.58,8.06,43.23,31.61
165,JUN,6,2015-06-14 00:00,1.87,28.09,23.62,8.67,46.51,31.42
166,JUN,6,2015-06-15 00:00,22.38,12.32,20.59,7.08,37.98,32.63
167,JUN,6,2015-06-16 00:00,1.89,17.8,18.3,60.9,25.13,31.88
168,JUN,6,2015-06-17 00:00,224.33,10.15,14.41,6.27,33.66,29.36
169,JUN,6,2015-06-18 00:00,910.63,11.55,11.65,1.75,9.15,28.88
170,JUN,6,2015-06-19 00:00,718.61,10.75,19.99,5.19,27.87,29.62
171,JUN,6,2015-06-20 00:00,599.47,12.56,22.39,6.63,35.56,30.93
172,JUN,6,2015-06-21 00:00,1.73,20.2,24.19,8.08,43.36,32.72
173,JUN,6,2015-06-22 00:00,1.77,18.31,22.98,7.03,37.71,33.11
174,JUN,6,2015-06-23 00:00,101.45,21.35,16.42,7.61,28.67,32.6
175,JUN,6,2015-06-24 00:00,606.82,16.14,21.2,2067.64,16.61,31.1
176,JUN,6,2015-06-25 00:00,2.05,21.23,25.23,565.91,56.61,33.03
177,JUN,6,2015-06-26 00:00,211.15,19.41,28.72,565.91,186.54,33.6
178,JUN,6,2015-06-27 00:00,386.18,20.32,27.78,11.32,59.27,32.13
179,JUN,6,2015-06-28 00:00,18.58,18.62,29.54,12.3,63.13,31.41
180,JUN,6,2015-06-29 00:00,15.54,23.38,29.92,12.56,63.94,31.64
181,JUN,6,2015-06-30 00:00,100.26,26.27,30.5,12.81,65.15,31.22
182,JUL,7,2015-07-01 00:00,1.03,24.54,31.8,17.22,68,31.39
183,JUL,7,2015-07-02 00:00,8.66,25.68,32.86,20.39,70.24,31.8
184,JUL,7,2015-07-03 00:00,129.38,16.76,32.93,20.38,70.43,33.18
185,JUL,7,2015-07-04 00:00,1.16,16.51,33.17,22.59,70.97,34.43
186,JUL,7,2015-07-05 00:00,21.07,20.46,32.94,21.44,70.48,32.97
187,JUL,7,2015-07-06 00:00,127.06,14.64,32.31,35.6,70.8,34.07
188,JUL,7,2015-07-07 00:00,62.03,20.11,32.89,12.51,70.79,35.67
189,JUL,7,2015-07-08 00:00,167.23,14.47,32.47,20.73,69.45,33.65
190,JUL,7,2015-07-09 00:00,161.33,55.224,123.09,565.91,102.95,44.13
191,JUL,7,2015-07-10 00:00,0.4,21.13,31.61,30.66,47.11,32.8
192,JUL,7,2015-07-11 00:00,258.96,26.52,32.72,1.73,49.2,31.69
193,JUL,7,2015-07-12 00:00,226.74,36.97,32.7,1.83,24.67,31.95
194,JUL,7,2015-07-13 00:00,129.07,28.23,32.39,1.73,36.55,32.09
195,JUL,7,2015-07-14 00:00,101.5,29.11,32.57,1.73,26.52,32.17
196,JUL,7,2015-07-15 00:00,145.52,21.91,32.67,1.78,45.77,31.65
197,JUL,7,2015-07-16 00:00,66.57,15.81,32.29,1.71,34.01,31.92
198,JUL,7,2015-07-17 00:00,77.37,20.06,31.85,1.64,30.6,31.04
199,JUL,7,2015-07-18 00:00,36.2,16,32.87,1.76,42.11,30.6
200,JUL,7,2015-07-19 00:00,14.6,13.12,32.88,1.86,42.33,30.76
201,JUL,7,2015-07-20 00:00,52.32,16.69,32.63,1.84,42.29,31.02
202,JUL,7,2015-07-21 00:00,97.44,18.22,32.46,565.91,102.95,31.1
203,JUL,7,2015-07-22 00:00,65.7,15.79,32.19,9.79,45.93,28.57
204,JUL,7,2015-07-23 00:00,171.57,15.43,32.57,10.55,51.12,29.21
205,JUL,7,2015-07-24 00:00,24.14,18.17,32.26,10.26,49.71,31.43
206,JUL,7,2015-07-25 00:00,33.67,18.31,32.6,10.75,52.09,31.04
207,JUL,7,2015-07-26 00:00,23.27,19.99,32.36,11.14,54,30.69
208,JUL,7,2015-07-27 00:00,28.89,16.15,32.62,10.34,50.08,29.57
209,JUL,7,2015-07-28 00:00,6.85,18.39,32.59,11.32,54.85,29.84
210,JUL,7,2015-07-29 00:00,288.21,16.62,32.64,11.3,54.76,30.49
211,JUL,7,2015-07-30 00:00,175.01,16.4,32.53,10.02,48.53,31.19
212,JUL,7,2015-07-31 00:00,318.28,20.18,31.98,10.46,50.66,30.81
213,AUG,8,2015-08-01 00:00,113.63,25.53,25.67,15.22,73.75,29.38
214,AUG,8,2015-08-02 00:00,93.12,29.05,19.88,21.87,97.61,28.97
215,AUG,8,2015-08-03 00:00,50.62,28.72,19.38,28.82,46.29,30.49
216,AUG,8,2015-08-04 00:00,7.65,34.75,20.59,39.25,63.04,29.5
217,AUG,8,2015-08-05 00:00,60.12,28.28,22.49,36.18,76.13,28.89
218,AUG,8,2015-08-06 00:00,99.62,20.8,17.99,10.95,42.88,30.95
219,AUG,8,2015-08-07 00:00,0.62,24.63,19.81,14.48,56.68,29.2
220,AUG,8,2015-08-08 00:00,71.16,19.09,21.15,17.09,66.91,32.69
221,AUG,8,2015-08-09 00:00,8.2,24.84,19.63,13.97,54.72,31.39
222,AUG,8,2015-08-10 00:00,25.35,26.73,19.71,14.13,55.33,31.51
223,AUG,8,2015-08-11 00:00,19.81,29.25,20.49,16.32,63.91,30.81
224,AUG,8,2015-08-12 00:00,0.79,24.92,18.65,12.29,48.11,30.93
225,AUG,8,2015-08-13 00:00,17.84,23.48,17.95,11.49,45,31.38
226,AUG,8,2015-08-14 00:00,34.35,25.71,21.22,17.07,66.83,31.51
227,AUG,8,2015-08-15 00:00,0.71,34.83,22.22,18.91,74.05,32.23
228,AUG,8,2015-08-16 00:00,16.19,40.48,22.31,19.07,74.66,29.18
229,AUG,8,2015-08-17 00:00,169.36,36.07,19.37,16.68,65.3,30.41
230,AUG,8,2015-08-18 00:00,137.98,20.7,19.06,17.23,67.46,30.49
231,AUG,8,2015-08-19 00:00,133.62,17.71,19.28,17.53,69.77,30.79
232,AUG,8,2015-08-20 00:00,35.88,27.37,19.95,19.06,70.3,30.73
233,AUG,8,2015-08-21 00:00,34.35,27.6,17.9,17.98,31.2,27.68
234,AUG,8,2015-08-22 00:00,158.1,20.84,18.45,35.28,15.76,30.94
235,AUG,8,2015-08-23 00:00,48.68,16.51,19.24,21.66,18.07,29.79
236,AUG,8,2015-08-24 00:00,15.32,21.22,18.18,19.37,16.16,30.86
237,AUG,8,2015-08-25 00:00,0.67,22.59,16.93,16.76,13.99,31.33
238,AUG,8,2015-08-26 00:00,57.37,29.18,15.95,15.95,13.31,31.24
239,AUG,8,2015-08-27 00:00,142.03,20.13,14.69,15.4,12.85,29.58
240,AUG,8,2015-08-28 00:00,619.76,17.62,15.9,22.56,18.83,30.19
241,AUG,8,2015-08-29 00:00,186.41,20.29,17.23,25.23,21.06,31.24
242,AUG,8,2015-08-30 00:00,5.1,34.07,18.01,27.14,22.65,31.41
243,AUG,8,2015-08-31 00:00,14.34,29.61,16.29,23.63,19.72,30.33
244,SEP,11,2015-09-01 00:00,65.28,36.87,19.07,28.94,24.15,31.45
245,SEP,11,2015-09-02 00:00,79.75,44.79,20.43,31.72,26.47,30.9
246,SEP,11,2015-09-03 00:00,38.76,32.06,21.35,33.51,27.96,30.29
247,SEP,11,2015-09-04 00:00,109.82,31.07,21.99,23.03,28.97,30.87
248,SEP,11,2015-09-05 00:00,227.61,35.94,21.62,15.02,28.38,30.79
249,SEP,11,2015-09-06 00:00,131.75,17.86,22.99,14.84,30.57,31.22
250,SEP,11,2015-09-07 00:00,17.51,20.92,22.37,17.23,29.68,29.34
251,SEP,11,2015-09-08 00:00,43.87,17.06,21.68,17.88,28.68,30.35
252,SEP,11,2015-09-09 00:00,52.69,26.75,20.8,17.22,27,30.25
253,SEP,11,2015-09-10 00:00,33.18,24.54,21.1,15.68,27.92,28.5
254,SEP,11,2015-09-11 00:00,96.96,15.16,20.9,18.14,27.48,30.29
255,SEP,11,2015-09-12 00:00,12.2,13.1,20.53,17.05,26.28,30.68
256,SEP,11,2015-09-13 00:00,137.33,23.81,21.67,13.88,28.42,30.43
257,SEP,11,2015-09-14 00:00,88.24,21.44,20.02,17.82,25.9,30.81
258,SEP,11,2015-09-15 00:00,17.62,21.86,18.42,13.84,23.86,31.49
259,SEP,11,2015-09-16 00:00,10.06,17.56,14.63,14.33,23.26,32.2
260,SEP,11,2015-09-17 00:00,84.86,22.76,7.43,14.36,27.44,31.71
261,SEP,11,2015-09-18 00:00,71.19,21.96,6.95,15.27,27.25,31.18
262,SEP,11,2015-09-19 00:00,0.37,34.31,7.11,15.46,27.47,30.26
263,SEP,11,2015-09-20 00:00,17.7,33.14,7.03,13.99,27.25,30.67
264,SEP,11,2015-09-21 00:00,107.11,32,7.26,14.28,27.53,29.52
265,SEP,11,2015-09-22 00:00,9.68,31.14,8.78,14.15,31.22,30.36
266,SEP,11,2015-09-23 00:00,28.47,21.81,7.43,15.75,27.5,30.68
267,SEP,11,2015-09-24 00:00,442.7,19.36,7.74,14.4,28.25,30.52
268,SEP,11,2015-09-25 00:00,41.45,20.62,9.83,15.15,33.97,30.67
269,SEP,11,2015-09-26 00:00,60.33,55.96,7.87,13.52,65.67,29.84
270,SEP,11,2015-09-27 00:00,87.77,54.82,8.57,17.45,168.31,30.44
271,SEP,11,2015-09-28 00:00,25.46,51.39,8.1,16.77,86.57,29.86
272,SEP,11,2015-09-29 00:00,20.65,34.96,8.94,14.78,26.71,28.38
273,SEP,11,2015-09-30 00:00,62.7,33.85,8,14.37,29.1,29.23
274,OCT,10,2015-10-01 00:00,59.87,20.82,7.88,17.96,35.44,29.02
275,OCT,10,2015-10-02 00:00,91.82,27.59,8.08,14.29,38.3,29.98
276,OCT,10,2015-10-03 00:00,79.24,20.46,14.08,16.31,48.68,27.77
277,OCT,10,2015-10-04 00:00,29.94,42.17,21.89,14.81,55.36,29.69
278,OCT,10,2015-10-05 00:00,53.17,37.09,13.88,17.59,46.29,28.09
279,OCT,10,2015-10-06 00:00,54.13,32.02,7.41,15.3,35.22,29.52
280,OCT,10,2015-10-07 00:00,64.13,35.2,9.52,14.28,39.22,29.54
281,OCT,10,2015-10-08 00:00,147.36,35.96,12.56,10.61,44.71,29.02
282,OCT,10,2015-10-09 00:00,63.51,31.06,12.54,11.01,44.5,29.44
283,OCT,10,2015-10-10 00:00,72.18,21.65,12.12,11.27,43.66,30.14
284,OCT,10,2015-10-11 00:00,103.21,25.13,12,11.43,42.71,28.4
285,OCT,10,2015-10-12 00:00,60.93,29.18,12.19,11.63,43.22,30.14
286,OCT,10,2015-10-13 00:00,68.16,20.98,12.19,10.45,43.26,29.79
287,OCT,10,2015-10-14 00:00,145.83,26.82,28.46,11.62,43.65,29.88
288,OCT,10,2015-10-15 00:00,199.59,25.01,294.98,10.46,10.65,29.53
289,OCT,10,2015-10-16 00:00,4.02,21.23,10.69,17.01,47.89,29.13
290,OCT,10,2015-10-17 00:00,58.42,22.34,12,4.78,24.08,29.15
291,OCT,10,2015-10-18 00:00,114.1,18.44,9.72,4.87,19.75,29.57
292,OCT,10,2015-10-19 00:00,130.33,12.49,10.68,4.74,21.18,29.49
293,OCT,10,2015-10-20 00:00,94.02,10.09,12.92,4.93,25.23,29.8
294,OCT,10,2015-10-21 00:00,30.54,13.38,9.78,4.72,19.1,29.6
295,OCT,10,2015-10-22 00:00,201.04,16.32,11.33,4.36,22.4,28.94
296,OCT,10,2015-10-23 00:00,228.31,12.92,24.76,4.76,48.13,26.85
297,OCT,10,2015-10-24 00:00,230.54,38.59,12.63,4.77,27.13,27.53
298,OCT,10,2015-10-25 00:00,26.5,87.3,11.18,6.41,48.24,28.37
299,OCT,10,2015-10-26 00:00,105.2,88,10.6,5.41,38.62,28.69
300,OCT,10,2015-10-27 00:00,44.78,98.86,10.52,6.08,48.52,28.67
301,OCT,10,2015-10-28 00:00,1.22,86.43,10.85,8.63,44.76,27.58
302,OCT,10,2015-10-29 00:00,36.01,66.37,9.61,6.84,53.24,27.18
303,OCT,10,2015-10-30 00:00,28.11,58.56,8.26,13.07,53.49,27.57
304,OCT,10,2015-10-31 00:00,1.33,54.49,6.88,12.45,37.68,26.81
305,NOV,11,2015-11-01 00:00,1.09,73.76,8.76,13.3,38.96,26.93
306,NOV,11,2015-11-02 00:00,37.64,82.5,9.99,10.08,25.61,27.63
307,NOV,11,2015-11-03 00:00,1.45,54.11,11.85,14.01,34.67,27.74
308,NOV,11,2015-11-04 00:00,29.89,50.45,12.2,8.78,32.24,28.15
309,NOV,11,2015-11-05 00:00,224.27,26.38,13.63,8.11,26.04,28.26
310,NOV,11,2015-11-06 00:00,10.11,37.15,12.27,7.65,31.16,28.44
311,NOV,11,2015-11-07 00:00,113.34,47.87,10.12,7,23.68,27.59
312,NOV,11,2015-11-08 00:00,90.58,48.87,9.6,6.83,24.94,26.17
313,NOV,11,2015-11-09 00:00,91.33,61.11,11,4.22,20.51,26.23
314,NOV,11,2015-11-10 00:00,0.71,81.38,10.99,7.15,82.65,25.99
315,NOV,11,2015-11-11 00:00,1.24,66.56,11.72,4,40.74,26.97
316,NOV,11,2015-11-12 00:00,44.05,63.83,11.46,4.76,24.59,27.18
317,NOV,11,2015-11-13 00:00,1.4,89.52,11,1.68,56.5,25.52
318,NOV,11,2015-11-14 00:00,22.15,97.37,11.81,1.4,52.55,26.6
319,NOV,11,2015-11-15 00:00,22.76,67.89,11.91,1.94,40.01,25.29
320,NOV,11,2015-11-16 00:00,37,39.24,11.91,2.01,25.63,25.86
321,NOV,11,2015-11-17 00:00,44.41,38.52,11.75,2.02,23.4,25.32
322,NOV,11,2015-11-18 00:00,38.88,52.48,11.02,2.75,30.85,25.38
323,NOV,11,2015-11-19 00:00,48.76,52.88,8.68,4.06,29.6,26.59
324,NOV,11,2015-11-20 00:00,55.02,44.37,8.14,3.9,22.83,26.83
325,NOV,11,2015-11-21 00:00,69.41,61.52,9.25,4.45,25.3,27.35
326,NOV,11,2015-11-22 00:00,1.79,63.55,9.06,3.86,22.81,27.05
327,NOV,11,2015-11-23 00:00,0.6,66.33,9.05,4.32,20.34,26.21
328,NOV,11,2015-11-24 00:00,110.27,71.78,8.66,4.35,24.01,26.87
329,NOV,11,2015-11-25 00:00,198.43,97.31,8.07,2.92,41.9,28.11
330,NOV,11,2015-11-26 00:00,9.41,86.39,8.96,3.89,30.59,27.27
331,NOV,11,2015-11-27 00:00,16.94,74.26,8.52,4.36,38.12,26.44
332,NOV,11,2015-11-28 00:00,14.28,84.45,8.07,3.68,45.67,26.65
333,NOV,11,2015-11-29 00:00,69.54,85.32,9.12,3.87,20.69,27.34
334,NOV,11,2015-11-30 00:00,0.89,87.67,8.3,4.01,24.78,25.95
335,DEC,12,2015-12-01 00:00,126.36,73.1,8.66,6.19,22.56,25.17
336,DEC,12,2015-12-02 00:00,185.24,73.45,7.74,5.67,19.07,24.6
337,DEC,12,2015-12-03 00:00,161.33,52.224,123.09,565.91,102.95,44.13
338,DEC,12,2015-12-04 00:00,161.33,52.224,123.09,565.91,102.95,44.13
339,DEC,12,2015-12-05 00:00,161.33,52.224,123.09,565.91,102.95,44.13
340,DEC,12,2015-12-06 00:00,161.33,52.224,123.09,565.91,102.95,44.13
341,DEC,12,2015-12-07 00:00,161.33,52.224,123.09,565.91,102.95,44.13
342,DEC,12,2015-12-08 00:00,161.33,52.224,123.09,565.91,102.95,44.13
343,DEC,12,2015-12-09 00:00,161.33,52.224,123.09,565.91,102.95,44.13
344,DEC,12,2015-12-10 00:00,36.14,59.53,4.8,3.11,49.15,27.92
345,DEC,12,2015-12-11 00:00,1612.31,55.16,2.98,4.51,105.45,25.86
346,DEC,12,2015-12-12 00:00,1.57,50.07,9.83,6.46,1256.94,28.91
347,DEC,12,2015-12-13 00:00,1.3,42.38,9.91,7.82,1770.65,27.4
348,DEC,12,2015-12-14 00:00,1.59,42.48,9.81,5.15,3897.07,27.26
349,DEC,12,2015-12-15 00:00,1.54,55.32,8.17,5.8,50.62,26.71
350,DEC,12,2015-12-16 00:00,29.62,21.9,8.06,7.24,50.53,26.61
351,DEC,12,2015-12-17 00:00,1.42,45.22,9.31,7.76,102.95,27.23
352,DEC,12,2015-12-18 00:00,179.09,38.44,10.81,5.52,102.95,28.4
353,DEC,12,2015-12-19 00:00,1.22,35.33,7.7,5.44,102.95,27.72
354,DEC,12,2015-12-20 00:00,0.92,38.17,8.12,5.75,102.95,27.64
355,DEC,12,2015-12-21 00:00,246.52,41.03,8.14,3.08,44.49,27.16
356,DEC,12,2015-12-22 00:00,0.75,55.68,7.52,2.02,64.8,27.72
357,DEC,12,2015-12-23 00:00,144.64,94.05,8.48,2.93,41.94,28.85
358,DEC,12,2015-12-24 00:00,161.33,52.224,123.09,565.91,102.95,44.13
359,DEC,12,2015-12-25 00:00,161.33,52.224,123.09,565.91,102.95,44.13
360,DEC,12,2015-12-26 00:00,161.33,52.224,123.09,565.91,102.95,44.13
361,DEC,12,2015-12-27 00:00,161.33,52.224,123.09,565.91,102.95,44.13
362,DEC,12,2015-12-28 00:00,161.33,52.224,123.09,565.91,102.95,44.13
363,DEC,12,2015-12-29 00:00,161.33,52.224,123.09,565.91,102.95,44.13
364,DEC,12,2015-12-30 00:00,161.33,52.224,123.09,565.91,102.95,44.13
365,DEC,12,2015-12-31 00:00,161.33,52.224,123.09,565.91,102.95,44.13
366,JAN,1,2016-01-01 00:00,119.21,22.47,13.2,3.81,37.43,30.34
367,JAN,1,2016-01-02 00:00,119.21,22.47,13.2,3.81,37.43,30.34
368,JAN,1,2016-01-03 00:00,119.21,22.47,13.2,3.81,37.43,30.34
369,JAN,1,2016-01-04 00:00,1.26,14.42,9.01,3.68,55.02,26.39
370,JAN,1,2016-01-05 00:00,32.22,14.83,9.25,3.64,84.89,26.96
371,JAN,1,2016-01-06 00:00,70.85,17.59,9.23,3.71,77.82,27.23
372,JAN,1,2016-01-07 00:00,129.87,15.89,9.26,3.97,64,26.94
373,JAN,1,2016-01-08 00:00,272.29,8.74,8.55,3.44,92.31,25.45
374,JAN,1,2016-01-09 00:00,26.44,11.92,7.53,4.62,82.17,26.2
375,JAN,1,2016-01-10 00:00,39.18,10.74,6.74,4.21,73.65,25.99
376,JAN,1,2016-01-11 00:00,35.41,13.74,7.11,5.07,43.3,26.08
377,JAN,1,2016-01-12 00:00,65.82,13.82,7.27,3.61,24.68,25.9
378,JAN,1,2016-01-13 00:00,210.38,13.81,7.35,4.17,56.6,26
379,JAN,1,2016-01-14 00:00,1.31,27.06,7.38,3.27,6,26.33
380,JAN,1,2016-01-15 00:00,0.78,22.16,6.68,2.87,6.71,26.46
381,JAN,1,2016-01-16 00:00,67.71,24.02,7.76,2.54,22.56,26.53
382,JAN,1,2016-01-17 00:00,0.98,21.66,7.41,3.07,1582.56,30.34
383,JAN,1,2016-01-18 00:00,0.88,29.12,7.8,3.69,0.07,30.34
384,JAN,1,2016-01-19 00:00,0.86,29.9,7.77,4.48,39.27,27.05
385,JAN,1,2016-01-20 00:00,0.92,34.15,8.3,2.73,55.48,28.57
386,JAN,1,2016-01-21 00:00,3.08,30.8,8.25,2.84,38.68,28.41
387,JAN,1,2016-01-22 00:00,1.29,18.95,6.79,2.58,54.05,27.72
388,JAN,1,2016-01-23 00:00,0.88,35.7,9.8,2.3,28.97,27.74
389,JAN,1,2016-01-24 00:00,0.8,48.02,8.84,2.2,29.29,28.18
390,JAN,1,2016-01-25 00:00,1.02,37.78,18.65,2.66,33.28,27.39
391,JAN,1,2016-01-26 00:00,1.01,35.5,34.58,2.63,11.86,27.1
392,JAN,1,2016-01-27 00:00,1.01,36.6,34.3,2.93,10.06,27.06
393,JAN,1,2016-01-28 00:00,371.14,29.12,16.08,2.44,23.2,27.17
394,JAN,1,2016-01-29 00:00,453.75,24.47,15.58,2.24,27.1,27.09
395,JAN,1,2016-01-30 00:00,990.36,28.32,18.61,2.46,28.28,27.11
396,JAN,1,2016-01-31 00:00,92.31,24.82,15.28,2.74,27.23,26.97
397,FEB,2,2016-02-01 00:00,731.88,18.81,19.25,2.53,117.54,26.39
398,FEB,2,2016-02-02 00:00,481.21,31.34,25.13,2.9,404.1,26.84
399,FEB,2,2016-02-03 00:00,130.63,21.72,25.26,2.34,292.15,27.14
400,FEB,2,2016-02-04 00:00,279.04,30.57,15.39,1.87,42.45,27.69
401,FEB,2,2016-02-05 00:00,0.77,31.27,18.79,2.59,56.7,27.94
402,FEB,2,2016-02-06 00:00,94.63,24.43,19.93,2.96,59.62,27.45
403,FEB,2,2016-02-07 00:00,0.99,24.81,15.52,2.7,79.94,27.74
404,FEB,2,2016-02-08 00:00,188.8,24.81,11.64,2.78,45.68,27.65
405,FEB,2,2016-02-09 00:00,195.07,21.47,17.47,2.9,79.27,27.39
406,FEB,2,2016-02-10 00:00,107.42,21.97,18.12,4.54,62.66,28.22
407,FEB,2,2016-02-11 00:00,106.67,23.93,23.47,4.91,50.72,29.05
408,FEB,2,2016-02-12 00:00,15.62,22.91,22.78,4.08,64.35,27.94
409,FEB,2,2016-02-13 00:00,0.87,19.08,17.38,3.4,62.38,27.77
410,FEB,2,2016-02-14 00:00,0.62,30.96,8.1,2.64,40.11,27.53
411,FEB,2,2016-02-15 00:00,0.66,10.59,8.25,3.13,55.7,27.77
412,FEB,2,2016-02-16 00:00,23.93,10.99,8.26,3.09,57.94,28.1
413,FEB,2,2016-02-17 00:00,134.78,22.09,6.58,2.92,55.24,28.52
414,FEB,2,2016-02-18 00:00,8.34,14.36,11,4.82,63.95,28.71
415,FEB,2,2016-02-19 00:00,0.6,12.67,13.89,4.06,62.15,28.3
416,FEB,2,2016-02-20 00:00,0.68,12.2,12.01,4.13,66.5,29.14
417,FEB,2,2016-02-21 00:00,178.92,27.02,10.75,3.2,57.65,29.76
418,FEB,2,2016-02-22 00:00,10.96,7.4,14.02,3.87,31.13,29.52
419,FEB,2,2016-02-23 00:00,0.65,15.41,14.39,5.02,55.35,29.12
420,FEB,2,2016-02-24 00:00,0.68,22.99,15.51,4.44,43.7,29.26
421,FEB,2,2016-02-25 00:00,0.67,19.65,13.21,4.62,38.2,29.63
422,FEB,2,2016-02-26 00:00,0.54,22.35,6.96,2.95,24.98,29.61
423,FEB,2,2016-02-27 00:00,1.19,21.92,8.26,3.44,33.52,29.2
424,FEB,2,2016-02-28 00:00,10.11,33.37,12.61,2.92,29.11,29.71
425,FEB,2,2016-02-29 00:00,2.66,36,5.91,2.94,35.18,29.22
426,MAR,3,2016-03-01 00:00,28.73,33.65,8.52,3.52,56.58,29.43
427,MAR,3,2016-03-02 00:00,0.64,38.8,5.88,3.2,44.19,29.29
428,MAR,3,2016-03-03 00:00,3.87,38.03,9.78,2.9,38.29,28.63
429,MAR,3,2016-03-04 00:00,0.58,38.25,11.37,3.69,61.32,28.71
430,MAR,3,2016-03-05 00:00,0.64,39.89,12.55,2.83,59.52,29.47
431,MAR,3,2016-03-06 00:00,0.54,43.83,8.91,3.42,65.81,29.5
432,MAR,3,2016-03-07 00:00,11.09,39.19,5.83,3.07,52.82,29.39
433,MAR,3,2016-03-08 00:00,0.88,40.26,10.32,2.84,80.82,29.49
434,MAR,3,2016-03-09 00:00,9.67,29.35,10.99,2.94,73.9,29.35
435,MAR,3,2016-03-10 00:00,0.85,17.26,9.84,2.47,44.01,29.98
436,MAR,3,2016-03-11 00:00,0.92,13.47,10.62,2.61,50.62,30.04
437,MAR,3,2016-03-12 00:00,9.31,11.67,18.61,2.68,43.37,30.45
438,MAR,3,2016-03-13 00:00,0.92,13.13,11.39,2.58,25.95,30.39
439,MAR,3,2016-03-14 00:00,0.95,16.96,9.63,3.56,34.77,30.31
440,MAR,3,2016-03-15 00:00,69.26,14,9.02,2.89,37.31,30.22
441,MAR,3,2016-03-16 00:00,0.86,16.06,10.11,3.01,38.43,30.48
442,MAR,3,2016-03-17 00:00,0.94,13.02,16.07,3.04,38.14,30.51
443,MAR,3,2016-03-18 00:00,0.95,13.7,13.59,2.75,36.09,30.29
444,MAR,3,2016-03-19 00:00,112.65,21.25,13,2.79,38.92,30.68
445,MAR,3,2016-03-20 00:00,395.73,26.57,9.47,2.33,62.05,31.03
446,MAR,3,2016-03-21 00:00,247.25,23.62,15.01,2.73,54.05,31.61
447,MAR,3,2016-03-22 00:00,15.28,28.05,27.36,2.42,59.47,31.92
448,MAR,3,2016-03-23 00:00,0.86,18.95,8.97,2.73,55.38,31.73
449,MAR,3,2016-03-24 00:00,0.83,20.79,6.44,3.12,47.55,30.85
450,MAR,3,2016-03-25 00:00,125.37,16.72,7.9,2.46,40.32,30.35
451,MAR,3,2016-03-26 00:00,0.63,20.75,2.8,3.39,47.5,30.24
452,MAR,3,2016-03-27 00:00,28.43,27.85,9.79,2.94,50.29,30.29
453,MAR,3,2016-03-28 00:00,21.51,24.39,9.87,5.38,4.84,30.08
454,MAR,3,2016-03-29 00:00,111.33,15.47,11.23,5.03,14.95,31.17
455,MAR,3,2016-03-30 00:00,142.21,19.28,10.92,4.98,23.98,31.2
456,APR,4,2016-03-31 00:00,105.96,20.41,11.05,5.11,27.18,31.01
457,APR,4,2016-04-01 00:00,14.36,17.35,9.96,4.52,30.81,31.13
458,APR,4,2016-04-02 00:00,0.78,19.45,8.24,3.9,32.39,31.17
459,APR,4,2016-04-03 00:00,18.15,18.45,10.58,4.66,32.91,31.35
460,APR,4,2016-04-04 00:00,162.99,15.56,12.98,3.88,31.99,31.34
461,APR,4,2016-04-05 00:00,0.79,15,17.23,2.85,38.49,31.45
462,APR,4,2016-04-06 00:00,4.69,19.45,13.54,3.51,34.82,31.56
463,APR,4,2016-04-07 00:00,0.97,21.57,14.52,3.03,27.07,31.94
464,APR,4,2016-04-08 00:00,355.65,14.57,6.31,3.32,25.53,31.8
465,APR,4,2016-04-09 00:00,90.98,27.02,7.64,3.37,20.17,31.58
466,APR,4,2016-04-10 00:00,0.7,34.33,8.04,3.24,15.93,31.59
467,APR,4,2016-04-11 00:00,0.82,42.07,15.8,3.17,19.14,31.42
468,APR,4,2016-04-12 00:00,11.3,42.29,29.76,3.33,23.14,31.75
469,APR,4,2016-04-13 00:00,0.83,52.18,28.29,3.88,30.17,32.76
470,APR,4,2016-04-14 00:00,0.81,54.82,14.22,3.24,32.87,32.91
471,APR,4,2016-04-15 00:00,0.78,45.41,14.82,6.45,24.35,32.66
472,APR,4,2016-04-16 00:00,72.92,30.82,13.84,7.2,16.56,32.28
473,APR,4,2016-04-17 00:00,10.56,38.69,11.77,3.75,20.97,32.02
474,APR,4,2016-04-18 00:00,0.76,31.9,12.13,3.52,18.2,32.09
475,APR,4,2016-04-19 00:00,0.67,21.84,10.78,3.12,15.57,32.03
476,APR,4,2016-04-20 00:00,0.89,20.2,14.54,3.34,21.05,32.3
477,APR,4,2016-04-21 00:00,26.65,30.52,17.72,4.49,21.67,32.88
478,APR,4,2016-04-22 00:00,186.59,41.18,24.06,7.59,18.87,34.79
479,APR,4,2016-04-23 00:00,1.06,42.29,22.81,6.21,39.69,33.87
480,APR,4,2016-04-24 00:00,0.74,53.29,18.92,5.11,39.69,33.32
481,APR,4,2016-04-25 00:00,6.78,36.25,17.62,3.92,34.9,33.37
482,APR,4,2016-04-26 00:00,164.8,21.05,10.97,4.29,34.78,32.59
483,APR,4,2016-04-27 00:00,0.86,25.62,18.01,3.93,20.82,32.14
484,APR,4,2016-04-28 00:00,1.02,28.54,22.49,4.27,23.91,32.56
485,APR,4,2016-04-29 00:00,7.86,34.18,18.96,4.1,18.42,32.49
486,APR,4,2016-04-30 00:00,231.13,44.94,20.08,5.52,522.69,32.14
487,MAY,5,2016-05-01 00:00,136.26,73.97,16.43,8.48,206.89,33.45
488,MAY,5,2016-05-02 00:00,6.32,52.61,17.11,9.37,30.14,32.72
489,MAY,5,2016-05-03 00:00,25.7,40.54,14.36,8.52,21.6,32.77
490,MAY,5,2016-05-04 00:00,1.04,35.57,14.63,8.27,23.42,32.92
491,MAY,5,2016-05-05 00:00,62.12,40.74,14.27,7.85,31.53,32.72
492,MAY,5,2016-05-06 00:00,0.99,41.24,16.12,7.81,35.75,32.58
493,MAY,5,2016-05-07 00:00,0.98,41.82,13.6,8.26,24.34,32.76
494,MAY,5,2016-05-08 00:00,1,37.74,13.18,6.67,20.88,32.98
495,MAY,5,2016-05-09 00:00,1.23,26.37,11.98,6.43,18.98,33.06
496,MAY,5,2016-05-10 00:00,1.2,22.35,12.14,6.05,21.1,33.31
497,MAY,5,2016-05-11 00:00,1.37,33.57,13.92,6.12,21.65,33.08
498,MAY,5,2016-05-12 00:00,1.45,67.39,23.16,6.44,22.06,33.26
499,MAY,5,2016-05-13 00:00,1.39,69.82,15.86,6.49,19.55,33.01
500,MAY,5,2016-05-14 00:00,1.38,60.63,11.32,5.68,15.95,33.12
501,MAY,5,2016-05-15 00:00,1.31,57.81,7.51,5,11.87,33.15
502,MAY,5,2016-05-16 00:00,77.29,51.34,8.75,4.83,10.62,31.34
503,MAY,5,2016-05-17 00:00,458.34,31.32,21.8,7.68,24.05,28.43
504,MAY,5,2016-05-18 00:00,295.67,152.03,37.89,8.49,32.83,27.34
505,MAY,5,2016-05-19 00:00,75.86,43.54,21.13,5.12,31.96,30.37
506,MAY,5,2016-05-20 00:00,84.76,57.22,34.47,6.41,32.06,31.52
507,MAY,5,2016-05-21 00:00,13.48,55.81,12.05,5.25,44.8,34.04
508,MAY,5,2016-05-22 00:00,0.88,49.84,12.53,4.11,38.69,34.69
509,MAY,5,2016-05-23 00:00,0.98,27.03,18.98,4.45,38.96,34.71
510,MAY,5,2016-05-24 00:00,1.14,41.64,18.58,3.85,29.84,35.02
511,MAY,5,2016-05-25 00:00,1.03,45.06,12.89,4.01,29.86,35.31
512,MAY,5,2016-05-26 00:00,86.77,43.8,13.66,4.35,34.81,34.55
513,MAY,5,2016-05-27 00:00,253.51,43.02,15.06,4.34,36.25,33.45
514,MAY,5,2016-05-28 00:00,259.81,45.92,12.94,4.8,30.23,33.79
515,MAY,5,2016-05-29 00:00,67.52,60.31,11.64,4.5,32.44,33.32
516,MAY,5,2016-05-30 00:00,29.45,43.83,11.68,4.94,35.75,33.77
517,MAY,5,2016-05-31 00:00,1.15,55.12,15.46,2.37,38.73,33.66
518,JUN,6,2016-06-01 00:00,308.36,63.55,12.1,2.63,22.63,35.06
519,JUN,6,2016-06-02 00:00,119.21,22.47,13.2,3.81,37.43,30.34
520,JUN,6,2016-06-03 00:00,119.21,22.47,13.2,3.81,37.43,30.34
521,JUN,6,2016-06-04 00:00,119.21,22.47,13.2,3.81,37.43,30.34
522,JUN,6,2016-06-05 00:00,119.21,22.47,13.2,3.81,37.43,30.34
523,JUN,6,2016-06-06 00:00,119.21,22.47,13.2,3.81,37.43,30.34
524,JUN,6,2016-06-07 00:00,119.21,22.47,13.2,3.81,37.43,30.34
525,JUN,6,2016-06-08 00:00,119.21,22.47,13.2,3.81,37.43,30.34
526,JUN,6,2016-06-09 00:00,119.21,22.47,13.2,3.81,37.43,30.34
527,JUN,6,2016-06-10 00:00,119.21,22.47,13.2,3.81,37.43,30.34
528,JUN,6,2016-06-11 00:00,119.21,22.47,13.2,3.81,37.43,30.34
529,JUN,6,2016-06-12 00:00,119.21,22.47,13.2,3.81,37.43,30.34
530,JUN,6,2016-06-13 00:00,119.21,22.47,13.2,3.81,37.43,30.34
531,JUN,6,2016-06-14 00:00,1.55,12.67,21.95,6.43,33.14,30.34
532,JUN,6,2016-06-15 00:00,99.74,32.64,21.53,5.14,24.95,33.96
533,JUN,6,2016-06-16 00:00,845.75,16.56,22.64,5.56,58.67,32.95
534,JUN,6,2016-06-17 00:00,21.01,18.15,16.01,7,38.74,32.74
535,JUN,6,2016-06-18 00:00,9.55,27,11.12,5.69,36.95,32.45
536,JUN,6,2016-06-19 00:00,7.74,36.26,9.79,4.93,36.43,32.26
537,JUN,6,2016-06-20 00:00,262.05,33.54,4.84,4.12,32.91,31.97
538,JUN,6,2016-06-21 00:00,117.81,31.19,11.64,4.04,28.77,31.77
539,JUN,6,2016-06-22 00:00,468.8,14.62,7.46,4.7,18.67,31.08
540,JUN,6,2016-06-23 00:00,36.65,10.13,28.54,9.77,48.96,31.84
541,JUN,6,2016-06-24 00:00,225.14,25.48,13.04,4.75,62.41,36.69
542,JUN,6,2016-06-25 00:00,119.21,22.47,13.2,3.81,37.43,30.34
543,JUN,6,2016-06-26 00:00,119.21,22.47,13.2,3.81,37.43,30.34
544,JUN,6,2016-06-27 00:00,0.97,27.18,22.01,4.32,38.86,29.73
545,JUN,6,2016-06-28 00:00,240.12,35.28,15.26,5.4,53.97,30.19
546,JUN,6,2016-06-29 00:00,1.23,3.87,30.66,3.13,48.01,28.76
547,JUN,6,2016-06-30 00:00,225.33,8.89,21.31,10.68,28.97,29.65
548,JUL,7,2016-07-01 00:00,397.89,10.86,21.46,6.21,48.29,30.55
549,JUL,7,2016-07-02 00:00,26.61,21.4,15.68,9.85,47.79,31.65
550,JUL,7,2016-07-03 00:00,1.33,16.24,12.83,11.26,31.53,30.21
551,JUL,7,2016-07-04 00:00,340.5,12.21,21.75,13.42,33.18,29.69
552,JUL,7,2016-07-05 00:00,10.67,5.6,20.34,7,19.46,30.34
553,JUL,7,2016-07-06 00:00,51.13,12.27,13.22,7,19,29.86
554,JUL,7,2016-07-07 00:00,118.51,4.57,15.56,7.21,13.44,28.59
555,JUL,7,2016-07-08 00:00,330.86,7.78,23.63,7.08,20.88,29.45
556,JUL,7,2016-07-09 00:00,343.58,7.7,20.46,5.43,21.31,29.32
557,JUL,7,2016-07-10 00:00,119.21,22.47,13.2,3.81,37.43,30.34
558,JUL,7,2016-07-11 00:00,119.21,22.47,13.2,3.81,37.43,30.34
559,JUL,7,2016-07-12 00:00,119.21,22.47,13.2,3.81,37.43,30.34
560,JUL,7,2016-07-13 00:00,0.55,33.29,11.44,7.27,27.15,31.77
561,JUL,7,2016-07-14 00:00,328.27,10.74,16.8,7.33,16.69,30.07
562,JUL,7,2016-07-15 00:00,0.66,31.5,12.94,6.78,26.25,30.87
563,JUL,7,2016-07-16 00:00,0.67,26.74,13.78,6.6,29.96,29.49
564,JUL,7,2016-07-17 00:00,75.34,26.89,10.86,6.64,36.8,29.15
565,JUL,7,2016-07-18 00:00,0.66,18.01,13.58,6.75,17.75,28.38
566,JUL,7,2016-07-19 00:00,166.96,7.18,16.59,6.1,19.3,26.3
567,JUL,7,2016-07-20 00:00,257.67,6.81,20.26,6.58,25.23,28
568,JUL,7,2016-07-21 00:00,496.56,7.42,31.78,6.67,24.17,28.12
569,JUL,7,2016-07-22 00:00,274.97,16.12,15.97,7.08,14.63,31.33
570,JUL,7,2016-07-23 00:00,445.96,7.32,26.06,7.71,23.87,28.45
571,JUL,7,2016-07-24 00:00,238.56,36.62,9.67,8.16,9.47,
572,JUL,7,2016-07-25 00:00,119.21,22.47,13.2,3.81,37.43,
573,JUL,7,2016-07-26 00:00,119.21,22.47,13.2,3.81,37.43,
574,JUL,7,2016-07-27 00:00,119.21,22.47,13.2,3.81,37.43,
575,JUL,7,2016-07-28 00:00,119.21,22.47,13.2,3.81,37.43,
576,JUL,7,2016-07-29 00:00,119.21,22.47,13.2,3.81,37.43,
577,JUL,7,2016-07-30 00:00,119.21,22.47,13.2,3.81,37.43,
578,JUL,7,2016-07-31 00:00,119.21,22.47,13.2,3.81,37.43,
579,AUG,8,2016-08-01 00:00,119.21,22.47,13.2,3.81,37.43,
580,AUG,8,2016-08-02 00:00,106.51,9.58,39.61,7.02,27.43,
581,AUG,8,2016-08-03 00:00,330.55,11.31,19.16,5.51,21.38,
582,AUG,8,2016-08-04 00:00,628.41,9.13,22.05,6.02,24.18,
583,AUG,8,2016-08-05 00:00,216.9,12.9,18.8,6.24,22.96,
584,AUG,8,2016-08-06 00:00,201.66,11.25,19.94,7.19,19.01,
585,AUG,8,2016-08-07 00:00,180.94,14.84,11.32,5.36,16.23,
586,AUG,8,2016-08-08 00:00,141.95,12.36,11.52,5.67,14,
587,AUG,8,2016-08-09 00:00,124.3,14.55,11.78,5.62,16.8,
588,AUG,8,2016-08-10 00:00,108.94,13.27,12.84,5.4,17.06,
589,AUG,8,2016-08-11 00:00,246.97,13.7,13.05,5.15,16.17,
590,AUG,8,2016-08-12 00:00,28.85,6.94,7.03,2.76,6.36,
591,AUG,8,2016-08-13 00:00,138.9,15.02,12.22,5.63,19.55,
592,AUG,8,2016-08-14 00:00,156.83,11.43,11.4,5.55,18.2,
593,AUG,8,2016-08-15 00:00,105.46,7.46,10.89,5.04,17.87,
594,AUG,8,2016-08-16 00:00,120.65,11.04,18.03,5.64,18.64,
595,AUG,8,2016-08-17 00:00,145.06,17.79,20.91,5.69,18.93,
596,AUG,8,2016-08-18 00:00,138.12,35.44,11.45,5.75,33.1,
597,AUG,8,2016-08-19 00:00,219.54,37.53,12.99,5.68,21.72,
598,AUG,8,2016-08-20 00:00,120.37,44.58,8.87,6.52,24.96,
599,AUG,8,2016-08-21 00:00,225.62,59.05,6.46,6.36,24.2,
600,AUG,8,2016-08-22 00:00,300.36,47.03,8.45,7.09,27.39,
601,AUG,8,2016-08-23 00:00,134.29,51.65,10.36,6.61,21.37,
602,AUG,8,2016-08-24 00:00,124.3,51.01,11.24,6.85,14.9,
603,AUG,8,2016-08-25 00:00,148.1,27.07,12.63,7.17,21.56,
604,AUG,8,2016-08-26 00:00,177.46,23.09,17.98,6.46,30.89,
605,AUG,8,2016-08-27 00:00,184.89,12.91,17.01,6.8,22.09,
606,AUG,8,2016-08-28 00:00,155.49,20.07,12.76,7.04,28.93,
607,AUG,8,2016-08-29 00:00,113.85,22.59,14.04,6.95,24.7,
608,AUG,8,2016-08-30 00:00,126.92,17.53,19.05,6.86,16.74,
609,AUG,8,2016-08-31 00:00,141.31,17.45,20.34,7.26,19.68,
610,SEP,11,2016-09-01 00:00,131.15,31.49,14.09,6.61,16.53,
611,SEP,11,2016-09-02 00:00,136.16,22.99,16.48,7.16,13.05,
612,SEP,11,2016-09-03 00:00,126.32,18.46,14.26,6.79,14.75,
613,SEP,11,2016-09-04 00:00,216.17,16.42,17.98,7.04,18.31,
614,SEP,11,2016-09-05 00:00,133.91,10.63,13.33,6.78,22.46,
615,SEP,11,2016-09-06 00:00,130.58,24.2,10.88,5.9,17.26,
616,SEP,11,2016-09-07 00:00,89.42,25.68,18.44,5.53,14.37,
617,SEP,11,2016-09-08 00:00,104.32,39.12,10.71,5.39,19.53,
618,SEP,11,2016-09-09 00:00,112.69,48.2,12.36,5.7,21.36,
619,SEP,11,2016-09-10 00:00,147.11,36.25,16.41,5.6,27.19,
620,SEP,11,2016-09-11 00:00,145.66,19.09,20.8,5.02,20.99,
621,SEP,11,2016-09-12 00:00,194.76,10.34,27.12,4.64,30.82,
622,SEP,11,2016-09-13 00:00,250.36,15.17,28.8,5.02,31.11,
623,SEP,11,2016-09-14 00:00,250.94,17.68,33.65,4.69,31.82,
624,SEP,11,2016-09-15 00:00,252.37,17.43,23.47,1.67,16.61,
625,SEP,11,2016-09-16 00:00,96.06,16.38,17.91,1.36,12.26,
626,SEP,11,2016-09-17 00:00,55.51,11.11,22.52,1.25,17.62,
627,SEP,11,2016-09-18 00:00,16.39,15.46,14.83,1.3,19.24,
628,SEP,11,2016-09-19 00:00,16.87,19.71,16.73,1.24,19.43,
629,SEP,11,2016-09-20 00:00,28.81,6.66,35.9,1.42,22.84,
630,SEP,11,2016-09-21 00:00,89.22,7.96,36.59,1.31,15.93,
631,SEP,11,2016-09-22 00:00,62.51,15.76,26.14,1.35,12.17,
632,SEP,11,2016-09-23 00:00,153.28,8.07,16.54,0.87,12.04,
633,SEP,11,2016-09-24 00:00,0,0,0,0,0,
634,SEP,11,2016-09-25 00:00,0,0,0,0,0,
635,SEP,11,2016-09-26 00:00,0,0,0,0,0,
636,SEP,11,2016-09-27 00:00,0,0,0,0,0,
637,SEP,11,2016-09-28 00:00,0,0,0,0,0,
638,SEP,11,2016-09-29 00:00,0,0,0,0,0,
639,SEP,11,2016-09-30 00:00,0,0,0,0,0,
640,OCT,10,2016-10-01 00:00,0,0,0,0,0,
641,OCT,10,2016-10-02 00:00,0,0,0,0,0,
642,OCT,10,2016-10-03 00:00,0,0,0,0,0,
643,OCT,10,2016-10-04 00:00,0,0,0,0,0,
644,OCT,10,2016-10-05 00:00,0,0,0,0,0,
645,OCT,10,2016-10-06 00:00,0,0,0,0,0,
646,OCT,10,2016-10-07 00:00,0,0,0,0,0,
647,OCT,10,2016-10-08 00:00,0,0,0,0,0,
648,OCT,10,2016-10-09 00:00,0,0,0,0,0,
649,OCT,10,2016-10-10 00:00,0,0,0,0,0,
650,OCT,10,2016-10-11 00:00,0,0,0,0,0,
651,OCT,10,2016-10-12 00:00,0,0,0,0,0,
652,OCT,10,2016-10-13 00:00,0,0,0,0,0,
653,OCT,10,2016-10-14 00:00,0,0,0,0,0,
654,OCT,10,2016-10-15 00:00,0,0,0,0,0,
655,OCT,10,2016-10-16 00:00,0,0,0,0,0,
656,OCT,10,2016-10-17 00:00,0,0,0,0,0,
657,OCT,10,2016-10-18 00:00,0,0,0,0,0,
658,OCT,10,2016-10-19 00:00,0,0,0,0,0,
659,OCT,10,2016-10-20 00:00,0,0,0,0,0,
660,OCT,10,2016-10-21 00:00,0,0,0,0,0,
661,OCT,10,2016-10-22 00:00,0,0,0,0,0,
662,OCT,10,2016-10-23 00:00,0,0,0,0,0,
663,OCT,10,2016-10-24 00:00,0,0,0,0,0,
664,OCT,10,2016-10-25 00:00,0,0,0,0,0,
665,OCT,10,2016-10-26 00:00,0,0,0,0,0,
666,OCT,10,2016-10-27 00:00,0,0,0,0,0,
667,OCT,10,2016-10-28 00:00,0,0,0,0,0,
668,OCT,10,2016-10-29 00:00,0,0,0,0,0,
669,OCT,10,2016-10-30 00:00,0,0,0,0,0,
670,OCT,10,2016-10-31 00:00,0,0,0,0,0,
671,NOV,11,2016-11-01 00:00,0,0,0,0,0,
672,NOV,11,2016-11-02 00:00,0,0,0,0,0,
673,NOV,11,2016-11-03 00:00,0,0,0,0,0,
674,NOV,11,2016-11-04 00:00,0,0,0,0,0,
675,NOV,11,2016-11-05 00:00,0,0,0,0,0,
676,NOV,11,2016-11-06 00:00,0,0,0,0,0,
677,NOV,11,2016-11-07 00:00,0,0,0,0,0,
678,NOV,11,2016-11-08 00:00,0,0,0,0,0,
679,NOV,11,2016-11-09 00:00,0,0,0,0,0,
680,NOV,11,2016-11-10 00:00,0,0,0,0,0,
681,NOV,11,2016-11-11 00:00,0,0,0,0,0,
682,NOV,11,2016-11-12 00:00,0,0,0,0,0,
683,NOV,11,2016-11-13 00:00,0,0,0,0,0,
684,NOV,11,2016-11-14 00:00,0,0,0,0,0,
685,NOV,11,2016-11-15 00:00,0,0,0,0,0,
686,NOV,11,2016-11-16 00:00,0,0,0,0,0,
687,NOV,11,2016-11-17 00:00,0,0,0,0,0,
688,NOV,11,2016-11-18 00:00,0,0,0,0,0,
689,NOV,11,2016-11-19 00:00,0,0,0,0,0,
690,NOV,11,2016-11-20 00:00,0,0,0,0,0,
691,NOV,11,2016-11-21 00:00,0,0,0,0,0,
692,NOV,11,2016-11-22 00:00,0,0,0,0,0,
693,NOV,11,2016-11-23 00:00,0,0,0,0,0,
694,NOV,11,2016-11-24 00:00,104.72,32.98,15.26,1.38,19.26,
695,NOV,11,2016-11-25 00:00,386.35,102.61,29.58,19.47,74.58,
696,NOV,11,2016-11-26 00:00,393.7,58.65,40.85,5.43,90.18,
697,NOV,11,2016-11-27 00:00,386.52,48.29,42.05,7.08,102.52,
698,NOV,11,2016-11-28 00:00,467.72,38.26,42.07,4.06,82.68,
699,NOV,11,2016-11-29 00:00,492.96,31.29,47.53,6.3,72.93,
700,NOV,11,2016-11-30 00:00,403.15,51.47,40.73,11.63,74.83,
701,DEC,12,2016-12-01 00:00,501.4,48.31,36.84,3.68,71.2,
702,DEC,12,2016-12-02 00:00,725.01,36.03,29.96,1.65,49.48,
703,DEC,12,2016-12-03 00:00,763.9,14.13,31.9,1.52,43.61,
704,DEC,12,2016-12-04 00:00,763.44,6.61,36.22,1.86,49.35,
705,DEC,12,2016-12-05 00:00,733.58,22.05,28.14,1.71,58.82,
706,DEC,12,2016-12-06 00:00,613.08,46.51,28.89,2.87,63.58,
707,DEC,12,2016-12-07 00:00,534.97,23.94,33.74,2.99,67.64,
708,DEC,12,2016-12-08 00:00,391.88,23.25,37.54,2.24,60.84,
709,DEC,12,2016-12-09 00:00,362.27,46.94,45.85,5.84,65.11,
710,DEC,12,2016-12-10 00:00,354.54,55.52,44.77,10.34,74.11,
711,DEC,12,2016-12-11 00:00,321.66,56.8,42.2,7.35,70.58,
712,DEC,12,2016-12-12 00:00,282.21,41.51,27.88,2.43,33.46,
713,DEC,12,2016-12-13 00:00,119.21,22.47,13.2,3.81,37.43,
714,DEC,12,2016-12-14 00:00,119.21,22.47,13.2,3.81,37.43,
715,DEC,12,2016-12-15 00:00,119.21,22.47,13.2,3.81,37.43,
716,DEC,12,2016-12-16 00:00,119.21,22.47,13.2,3.81,37.43,
717,DEC,12,2016-12-17 00:00,119.21,22.47,13.2,3.81,37.43,
718,DEC,12,2016-12-18 00:00,119.21,22.47,13.2,3.81,37.43,
719,DEC,12,2016-12-19 00:00,119.21,22.47,13.2,3.81,37.43,
720,DEC,12,2016-12-20 00:00,0,0,0,0,0,
721,DEC,12,2016-12-21 00:00,119.21,22.47,13.2,3.81,37.43,
722,DEC,12,2016-12-22 00:00,119.21,22.47,13.2,3.81,37.43,
723,DEC,12,2016-12-23 00:00,0,0,0,0,0,
724,DEC,12,2016-12-24 00:00,0,0,0,0,0,
725,DEC,12,2016-12-25 00:00,0,0,0,0,0,
726,DEC,12,2016-12-26 00:00,119.21,22.47,13.2,3.81,37.43,
727,DEC,12,2016-12-27 00:00,542.39,40.01,9.09,12.01,24.22,
728,DEC,12,2016-12-28 00:00,2624.61,58.25,7.21,3.17,46.73,
729,DEC,12,2016-12-29 00:00,815.13,48.34,8.92,3.63,48.52,
730,DEC,12,2016-12-30 00:00,593.34,37.58,14.42,2.92,63.37,
731,DEC,12,2016-12-31 00:00,166.28,9.78,26.5,3.81,65.53,
